Name;Overall;Preferred Foot;Position;Crossing;Finishing;ShortPassing;Dribbling;BallControl;Acceleration;SprintSpeed;Agility;ShotPower;Jumping;Stamina;Strength;Vision;Penalties
L. Messi;94;Left;Attacker;84;95;90;97;96;91;86;91;85;68;72;59;94;75
L. Modrić;91;Right;Midfielder;86;72;93;90;93;80;72;93;79;68;89;58;92;82
L. Suárez;91;Right;Attacker;77;93;82;87;90;86;75;82;86;69;90;83;84;85
Sergio Ramos;91;Right;Defender;66;60;78;63;84;76;75;78;79;93;84;83;63;75
J. Oblak;90;Right;Goalkeeper;13;11;29;12;16;43;60;67;22;76;41;78;70;11
T. Kroos;90;Right;Midfielder;88;76;92;81;90;64;62;70;87;30;75;73;86;73
D. Godín;90;Right;Defender;55;42;79;53;76;68;68;58;67;91;66;88;52;50
A. Griezmann;89;Left;Midfielder;82;90;83;88;90;88;85;90;80;90;83;62;83;79
M. ter Stegen;89;Right;Goalkeeper;15;14;36;17;18;38;50;37;22;79;35;79;69;25
T. Courtois;89;Left;Goalkeeper;14;14;33;13;23;46;52;61;36;68;38;70;44;27
Sergio Busquets;89;Right;Midfielder;62;67;89;80;88;50;52;66;61;66;86;77;87;60
Casemiro;88;Right;Midfielder;52;59;85;69;78;59;65;62;86;88;87;89;77;66
Isco;88;Right;Attacker;75;79;89;94;95;75;69;87;69;64;70;59;89;76
Coutinho;88;Right;Attacker;79;79;88;91;92;89;75;92;83;59;79;61;90;70
Marcelo;88;Left;Defender;90;70;84;90;92;83;82;86;83;76;91;78;82;59
G. Bale;88;Left;Attacker;87;86;85;87;85;94;95;82;92;87;75;80;79;76
S. Umtiti;87;Left;Defender;69;51;81;69;77;71;73;68;83;89;78;84;58;61
K. Navas;87;Right;Goalkeeper;11;15;30;16;19;54;53;60;21;74;39;75;68;25
Jordi Alba;87;Left;Defender;87;73;84;80;84;93;93;90;64;81;91;61;70;59
I. Rakitić;87;Right;Midfielder;84;83;87;84;87;66;59;72;84;39;84;66;86;82
Piqué;87;Right;Defender;57;64;81;59;78;49;60;58;62;74;65;83;62;69
R. Varane;86;Right;Defender;36;40;75;57;77;83;85;63;52;79;73;84;56;43
Marco Asensio;85;Left;Attacker;82;82;83;86;85;85;82;79;86;58;76;61;84;62
Saúl;85;Left;Midfielder;69;78;85;83;85;74;73;76;78;79;86;77;82;55
Koke;85;Right;Midfielder;86;72;90;82;86;71;68;74;84;61;90;79;87;59
Parejo;85;Right;Midfielder;84;79;90;78;84;51;43;66;78;51;78;72;86;83
A. Vidal;85;Right;Midfielder;76;75;83;76;82;60;55;74;86;85;83;79;80;81
Diego Costa;85;Right;Attacker;65;87;65;77;83;74;76;58;83;64;76;92;74;75
K. Benzema;85;Right;Attacker;75;81;83;83;86;76;76;76;81;73;75;80;85;82
Filipe Luís;85;Left;Defender;86;59;80;77;83;76;75;75;71;71;89;74;70;65
J. Giménez;84;Right;Defender;47;37;68;47;56;69;70;56;72;92;67;85;27;38
William Carvalho;84;Right;Midfielder;68;52;84;80;79;49;53;51;59;69;84;90;83;60
Carvajal;84;Right;Defender;83;41;81;76;83;79;84;81;64;76;84;74;57;45
Illarramendi;84;Right;Midfielder;68;72;86;78;83;66;57;71;69;63;77;68;86;50
Sergio Asenjo;84;Right;Goalkeeper;24;14;39;15;14;59;54;62;24;73;41;73;46;15
E. Banega;84;Right;Midfielder;80;66;88;84;86;68;64;79;74;57;74;67;88;78
O. Dembélé;83;Left;Attacker;78;78;78;90;83;93;92;90;83;59;73;46;84;75
T. Lemar;83;Left;Midfielder;83;75;84;85;86;86;84;87;79;71;79;63;85;68
Q. Promes;83;Right;Midfielder;79;86;78;84;82;90;91;87;82;82;83;61;81;74
Lucas Vázquez;83;Right;Attacker;86;73;83;82;83;84;79;79;82;68;90;57;83;56
Gerard Moreno;83;Left;Attacker;61;83;78;78;81;77;80;70;81;72;72;74;58;73
Manu Trigueros;83;Right;Midfielder;72;71;86;80;83;68;65;76;81;77;77;63;84;65
S. Savić;83;Right;Defender;35;34;72;47;68;55;61;61;43;87;58;77;41;37
Nacho Fernández;83;Right;Defender;70;32;80;55;78;70;79;60;54;81;78;79;53;45
Sergi Roberto;83;Right;Defender;85;63;86;78;83;78;79;69;65;47;85;69;83;57
Rodrigo;83;Left;Attacker;72;78;78;82;82;88;91;84;83;78;78;72;74;77
Neto;83;Right;Goalkeeper;11;15;36;19;24;53;49;59;28;80;39;63;42;22
Adán;83;Left;Goalkeeper;12;11;34;12;15;56;54;55;25;71;32;77;42;25
Rodri;82;Right;Midfielder;63;64;83;77;82;70;66;69;70;69;86;75;83;46
Arthur;82;Right;Midfielder;70;72;85;82;83;68;70;79;76;83;78;62;82;69
Gelson Martins;82;Right;Midfielder;81;66;78;85;83;95;94;94;72;65;87;48;79;66
Gonçalo Guedes;82;Right;Midfielder;76;75;77;86;81;89;90;85;81;65;81;62;77;69
Malcom;82;Left;Attacker;79;75;82;85;85;87;82;92;85;58;74;64;83;68
Pau López;82;Left;Goalkeeper;24;19;38;18;16;45;52;40;21;68;42;52;62;25
L. Hernández;82;Left;Defender;78;42;80;65;79;80;84;70;62;83;82;76;61;34
C. Lenglet;82;Left;Defender;36;23;78;60;76;72;73;62;58;79;73;80;60;43
Dani García;82;Right;Midfielder;55;51;86;66;81;53;35;67;74;65;88;75;76;58
T. Partey;82;Right;Midfielder;58;63;85;78;81;73;76;72;79;84;87;81;73;46
F. Vázquez;82;Left;Midfielder;73;74;84;86;87;58;62;69;76;44;61;79;84;67
G. Kondogbia;82;Left;Midfielder;65;69;81;78;82;69;76;76;86;83;85;91;78;45
Rafinha;82;Left;Midfielder;72;73;86;87;84;71;70;80;79;73;67;66;81;67
Gabriel Paulista;82;Right;Defender;67;42;74;60;69;71;74;69;61;83;72;82;65;51
J. Cillessen;82;Right;Goalkeeper;17;10;47;12;32;54;50;48;35;71;40;67;60;21
W. Ben Yedder;82;Right;Attacker;74;84;78;84;83;87;83;91;79;81;69;60;79;76
Pablo Sarabia;82;Left;Midfielder;86;78;83;86;84;75;76;80;76;40;72;58;84;69
Bartra;82;Right;Defender;55;55;79;70;80;75;72;72;66;89;67;71;75;52
Willian José;82;Right;Attacker;54;84;78;79;80;62;65;65;84;72;73;90;68;80
Víctor Ruiz;82;Left;Defender;54;37;74;53;71;55;59;56;59;78;72;87;56;46
A. Guardado;82;Left;Midfielder;73;60;85;80;84;74;73;81;74;74;84;57;83;70
E. Garay;82;Right;Defender;62;58;69;60;73;34;36;54;80;76;62;88;63;69
Aduriz;82;Right;Attacker;54;83;72;76;82;64;66;50;82;90;60;82;73;82
Nélson Semedo;81;Right;Defender;74;50;73;80;78;91;92;88;74;80;91;62;62;38
Pablo Fornals;81;Right;Midfielder;74;77;84;81;81;71;66;79;75;59;77;67;86;46
Dani Ceballos;81;Right;Midfielder;74;68;83;85;85;73;67;82;64;52;75;62;83;55
Morales;81;Right;Attacker;79;80;75;87;83;88;88;78;76;62;82;60;75;76
Williams;81;Right;Attacker;78;77;79;82;81;92;94;80;85;86;75;85;75;64
A. Correa;81;Right;Midfielder;74;82;73;87;87;87;82;87;80;50;74;63;78;55
C. Bacca;81;Right;Attacker;60;84;68;80;80;73;75;73;80;74;66;74;68;80
Vitolo;81;Right;Midfielder;78;77;79;84;83;78;77;74;77;70;80;81;78;74
S. Kjær;81;Right;Defender;54;55;73;46;71;56;65;40;78;70;76;80;49;61
Pedro León;81;Right;Midfielder;91;76;83;84;85;63;63;68;84;39;65;63;82;71
D. Wass;81;Right;Defender;78;74;82;80;81;74;76;79;86;59;90;70;81;64
Joaquín;81;Right;Attacker;86;80;82;85;83;69;65;72;74;33;54;64;84;75
Carlos Soler;80;Right;Midfielder;80;74;84;79;82;75;77;75;77;59;78;65;83;73
Odriozola;80;Right;Defender;81;45;77;69;77;80;82;78;58;71;80;63;63;62
Oyarzabal;80;Left;Midfielder;81;78;80;84;85;72;75;70;73;58;71;59;79;52
G. Lo Celso;80;Left;Midfielder;75;73;81;81;82;72;75;81;79;64;80;67;81;60
Mariano;80;Right;Attacker;50;81;69;75;72;84;85;79;85;92;81;79;63;75
G. Rulli;80;Right;Goalkeeper;12;15;32;14;15;54;48;58;24;65;42;73;58;24
Santi Mina;80;Right;Attacker;73;82;69;81;80;77;81;78;78;74;75;73;65;67
Gayà;80;Left;Defender;82;61;81;77;81;86;87;79;62;54;83;61;72;52
Pacheco;80;Left;Goalkeeper;12;16;24;13;14;48;42;62;21;72;43;72;45;23
Z. Feddal;80;Left;Defender;57;40;76;56;67;51;62;50;67;73;64;81;47;48
T. Inui;80;Right;Midfielder;77;70;76;88;82;88;77;94;72;63;76;51;74;51
Portu;80;Right;Midfielder;63;81;83;82;83;85;80;79;77;71;83;71;77;53
M. Batshuayi;80;Right;Attacker;65;82;64;78;80;77;76;75;81;80;66;78;62;67
T. Vaclík;80;Right;Goalkeeper;15;14;17;14;20;34;35;32;20;70;35;73;68;13
J. Murillo;80;Right;Defender;56;37;68;58;64;75;76;77;68;89;72;80;54;46
Cristian Tello;80;Right;Midfielder;78;74;77;82;81;92;89;82;78;72;73;58;74;56
L. Muriel;80;Right;Attacker;62;78;75;85;83;86;89;85;80;62;74;80;73;74
Sergi Enrich;80;Right;Attacker;70;81;79;76;80;60;65;70;77;81;80;83;72;63
Mario Gaspar;80;Right;Defender;79;68;77;73;76;76;80;68;81;73;77;79;57;50
Canales;80;Left;Midfielder;79;77;84;81;80;67;62;69;71;36;55;56;82;66
Muniain;80;Right;Midfielder;74;76;80;86;83;83;75;88;61;73;64;46;77;61
Susaeta;80;Right;Attacker;88;69;82;85;84;78;71;81;80;65;68;58;84;58
R. Boudebouz;80;Left;Midfielder;82;77;81;81;80;75;73;78;78;61;68;61;85;90
C. Stuani;80;Right;Attacker;68;80;74;78;79;70;69;65;79;83;81;78;69;80
Bruno;80;Left;Midfielder;60;66;85;74;78;34;31;49;80;58;50;72;85;75
Antunes;80;Left;Defender;81;56;77;74;80;76;79;76;87;63;85;68;66;61
Beñat;80;Right;Midfielder;80;69;84;72;80;64;41;70;87;59;77;70;84;69
K. Gameiro;80;Right;Attacker;70;78;79;75;79;86;85;81;82;85;75;64;75;81
Raúl García;80;Right;Midfielder;78;79;79;78;85;47;57;66;85;76;74;82;83;76
Juanfran;80;Right;Defender;81;54;77;75;78;74;86;74;68;68;80;74;72;66
Diego López;80;Right;Goalkeeper;11;12;28;11;23;34;52;48;22;68;42;66;53;21
Santi Cazorla;80;Right;Midfielder;85;71;85;84;86;58;52;72;77;53;53;54;86;80
Jesús Navas;80;Right;Midfielder;82;64;75;80;80;89;88;87;75;65;82;35;73;56
Moyá;80;Right;Goalkeeper;11;11;31;13;24;46;34;54;21;62;30;57;68;11
André Silva;79;Right;Attacker;59;82;69;77;79;77;83;77;76;84;77;74;68;80
M. Dmitrović;79;Left;Goalkeeper;30;20;40;8;9;39;35;32;40;45;45;79;45;9
Marcos Llorente;79;Right;Midfielder;56;39;84;68;78;61;59;58;58;66;75;72;76;53
K. Toko-Ekambi;79;Right;Attacker;74;81;69;80;80;84;83;79;78;71;70;77;65;69
Granell;79;Left;Defender;73;74;83;76;80;65;60;71;73;66;69;64;78;68
A. Sanabria;79;Right;Attacker;67;81;74;82;83;77;79;78;75;75;69;76;73;69
Roger;79;Right;Attacker;66;82;72;76;76;78;79;78;80;75;72;74;65;80
Denis Suárez;79;Right;Midfielder;77;72;82;83;84;77;77;82;75;58;72;57;81;63
Iñigo Martínez;79;Left;Defender;51;42;71;53;68;71;74;67;81;90;71;78;46;39
Roque Mesa;79;Right;Midfielder;67;65;82;74;79;74;75;76;63;77;88;69;74;42
Sergi Darder;79;Right;Midfielder;68;59;84;76;81;58;45;75;74;48;70;68;83;55
David López;79;Right;Defender;53;65;79;64;76;57;59;51;77;74;75;84;68;50
A. Mandi;79;Right;Defender;78;41;78;64;73;65;66;77;52;82;69;74;68;35
Campaña;79;Right;Midfielder;73;73;82;77;81;65;61;67;75;57;76;73;80;69
Nolito;79;Right;Midfielder;77;79;76;80;80;74;70;82;74;66;70;63;79;74
Ibai Gómez;79;Right;Midfielder;79;79;77;82;81;79;77;79;83;66;68;66;80;65
Sergio León;79;Right;Attacker;41;82;72;77;78;76;75;81;78;77;73;68;61;75
Borja García;79;Right;Midfielder;70;77;82;80;81;81;77;75;67;72;67;67;79;62
Jaume Costa;79;Left;Defender;80;53;79;69;78;79;81;76;75;73;78;63;57;56
Escudero;79;Left;Midfielder;81;56;77;68;75;72;77;74;81;74;83;69;56;66
Kike García;79;Right;Attacker;53;80;70;75;80;65;71;65;82;74;71;79;65;70
De Marcos;79;Right;Defender;77;59;75;75;78;79;89;76;73;78;93;73;66;55
F. Coquelin;79;Right;Midfielder;60;54;77;72;78;70;72;73;71;81;78;79;67;52
N. Kalinić;79;Right;Attacker;60;83;72;73;78;67;73;69;76;68;71;77;66;70
G. Mercado;79;Right;Defender;68;60;71;57;70;75;75;66;68;76;77;82;60;49
Sidnei;79;Right;Defender;58;46;70;59;76;65;63;36;61;79;68;90;44;58
Kiko Casilla;79;Right;Goalkeeper;24;14;30;12;20;32;49;43;24;69;43;79;52;23
Ángel;79;Right;Attacker;56;79;73;80;81;74;74;79;81;76;66;64;62;69
Charles;79;Right;Attacker;51;80;69;79;82;64;59;86;83;93;63;71;55;70
Loren;78;Right;Attacker;36;86;74;79;81;63;66;60;78;68;60;61;60;77
Vallejo;78;Right;Defender;41;44;76;56;67;67;74;69;49;77;66;69;33;45
Joan Jordán;78;Right;Midfielder;65;75;79;78;79;65;68;65;74;50;75;66;78;69
David Soria;78;Right;Goalkeeper;15;19;24;16;19;49;34;45;54;60;43;76;45;23
D. Djené;78;Right;Defender;60;29;72;44;68;76;75;76;67;79;77;70;39;41
Capa;78;Right;Defender;77;56;71;74;76;82;86;75;81;77;92;80;72;54
J. Mojica;78;Left;Defender;79;62;78;78;79;89;90;74;80;73;70;70;65;67
Pere Pons;78;Right;Midfielder;60;65;82;75;79;68;67;71;62;66;81;68;74;45
A. Januzaj;78;Left;Attacker;77;71;79;81;80;79;76;83;72;61;68;59;78;60
Leo Baptistao;78;Right;Attacker;71;75;77;80;80;75;78;77;74;70;74;71;74;65
S. Arias;78;Right;Defender;74;51;74;74;76;84;86;78;56;82;90;69;64;56
Álvaro;78;Right;Defender;51;22;69;48;67;72;73;68;48;92;78;74;39;36
Arbilla;78;Right;Defender;75;40;77;63;76;55;70;60;81;81;74;78;57;47
J. Guidetti;78;Right;Attacker;67;76;75;76;77;65;65;64;84;70;64;82;65;81
Sergi Gómez;78;Right;Defender;45;35;80;56;75;46;44;52;45;69;68;78;56;41
Granero;78;Right;Midfielder;78;73;81;77;80;55;50;68;77;53;55;68;78;73
Javi García;78;Right;Midfielder;47;59;82;66;77;62;62;62;82;91;76;79;63;61
Daniel Carriço;78;Right;Defender;61;48;74;58;64;47;54;60;66;92;59;77;62;62
Manu García;78;Left;Midfielder;65;60;77;62;75;46;61;66;74;79;81;78;66;71
Iván Ramis;77;Right;Defender;45;54;71;51;70;34;35;52;76;76;67;90;50;65
Sergio García;77;Right;Attacker;77;76;76;82;78;68;69;66;77;54;54;72;77;80
Javi Fuego;77;Right;Midfielder;59;54;77;62;70;53;42;64;72;70;69;77;70;60
Bruno_28;77;Right;Defender;21;23;73;34;68;32;35;31;66;65;71;88;35;42
Rubén Peña;77;Right;Defender;78;71;77;78;79;81;88;83;72;74;77;64;63;64
Mikel San José;77;Right;Midfielder;47;60;78;66;75;33;38;41;71;77;76;79;76;51
Álex Remiro;77;Right;Goalkeeper;12;13;29;19;17;40;46;69;22;61;42;68;28;24
D. Torres;77;Right;Midfielder;62;55;73;69;70;57;53;68;73;81;79;78;71;72
Y. Bounou;77;Left;Goalkeeper;15;14;39;20;12;37;34;38;25;48;43;69;42;24
J. Calleri;77;Right;Attacker;56;76;66;74;75;71;72;72;78;83;74;71;67;62
Victor Sánchez;77;Right;Midfielder;74;57;80;66;78;58;61;72;71;78;68;59;79;61
D. Suárez;77;Right;Defender;77;59;76;62;69;77;80;79;80;79;83;73;52;67
P. Diop;77;Right;Midfielder;58;57;74;63;76;50;54;64;82;79;76;88;65;61
Markel Bergara;77;Right;Midfielder;58;67;78;65;69;64;32;60;61;69;68;81;75;59
Munir;77;Left;Attacker;65;78;77;81;80;78;80;78;76;63;69;63;71;66
H. Pérez;77;Right;Midfielder;79;70;76;78;79;78;76;75;88;77;67;69;72;48
Rúben Vezo;77;Right;Defender;65;44;69;54;64;68;68;66;59;82;69;76;55;54
Jorge Molina;77;Right;Attacker;49;79;75;68;77;34;41;33;83;42;64;90;69;80
Yeray;77;Right;Defender;48;41;70;53;72;66;67;56;69;75;71;76;34;61
Roberto;77;Right;Goalkeeper;15;14;39;12;31;45;48;68;36;74;32;78;45;19
T. Vermaelen;77;Left;Defender;63;52;80;55;64;67;64;61;78;90;52;79;51;62
Diego Llorente;77;Right;Defender;55;39;76;58;73;65;63;65;45;79;72;72;51;53
L. Chichizola;77;Right;Goalkeeper;11;16;14;17;15;49;54;66;17;75;31;52;42;25
D. Cheryshev;77;Left;Midfielder;80;78;72;80;76;77;79;77;81;75;65;67;74;64
M. Layún;77;Right;Midfielder;80;67;76;75;76;76;76;72;80;75;76;66;71;74
B. Espinosa;77;Right;Defender;51;39;74;40;67;43;51;47;56;75;61;84;49;52
A. Szymanowski;77;Left;Midfielder;78;78;74;79;76;89;83;83;68;52;68;60;76;70
Laguardia;77;Right;Defender;43;49;70;36;58;54;63;50;40;78;76;80;46;32
M. Diakhaby;77;Right;Defender;28;36;68;50;57;57;59;46;45;83;75;82;45;49
Borja Iglesias;77;Right;Attacker;50;80;68;70;75;65;69;61;80;72;75;91;70;78
G. Shibasaki;77;Right;Midfielder;68;70;81;77;79;69;67;76;64;67;74;60;80;71
E. Bardhi;77;Right;Midfielder;78;78;79;79;81;76;66;76;85;50;71;49;76;78
Cote;77;Left;Defender;78;42;76;68;76;69;75;72;69;69;74;66;56;45
Rubén Castro;77;Right;Attacker;60;81;67;80;78;77;73;85;74;76;55;57;74;76
Vinícius Júnior;77;Right;Attacker;65;70;70;81;80;92;94;90;74;74;79;59;69;65
Juanpe;77;Right;Defender;35;35;79;38;70;41;63;32;48;70;71;78;54;37
T. Hernández;77;Left;Defender;75;50;76;78;72;90;90;76;75;62;75;79;47;41
C. Piccini;77;Right;Defender;73;32;71;73;74;74;76;63;68;70;81;78;55;35
Yuri Berchiche;77;Left;Defender;79;56;70;66;74;78;77;73;78;85;82;77;48;59
F. Cartabia;77;Left;Midfielder;75;75;76;79;78;79;72;80;80;63;72;34;73;66
Jony;77;Left;Midfielder;79;70;76;74;75;87;85;86;67;36;71;69;77;59
Tomás Pina;77;Right;Midfielder;55;62;79;76;78;60;54;64;73;69;69;72;74;59
O. Trejo;77;Right;Midfielder;73;73;75;80;79;67;73;85;73;63;86;71;79;73
F. Orellana;77;Right;Midfielder;75;77;76;82;80;77;71;79;64;66;54;34;76;75
R. Funes Mori;77;Left;Defender;66;40;70;63;70;61;68;65;69;77;67;78;59;52
Aleix Vidal;77;Right;Defender;75;67;78;81;82;89;93;77;84;82;70;68;70;51
G. Escalante;77;Right;Midfielder;62;56;74;67;72;71;72;66;79;76;84;73;71;64
D. Zurutuza;76;Right;Midfielder;69;74;78;78;77;63;59;71;65;44;61;72;77;61
Juanmi;76;Right;Midfielder;64;78;75;78;79;77;77;78;70;75;70;46;69;63
Iván Cuéllar;76;Left;Goalkeeper;35;15;23;14;13;59;43;57;24;65;44;65;44;25
S. Doumbia;76;Right;Attacker;46;73;70;74;73;87;89;70;75;82;51;73;70;80
E. Boateng;76;Right;Attacker;57;75;69;78;76;89;88;89;78;92;79;72;56;64
Junior Firpo;76;Left;Midfielder;77;61;72;67;77;81;80;63;62;64;77;74;59;38
Mario Hermoso;76;Left;Defender;71;29;67;61;72;78;88;78;61;86;77;77;52;45
Vicente Gómez;76;Left;Midfielder;57;66;82;67;77;35;35;62;63;58;70;73;79;46
Embarba;76;Right;Midfielder;71;72;78;76;72;76;79;79;69;61;77;61;79;62
Jordi Amat;76;Right;Defender;31;34;68;50;65;61;69;59;75;78;66;79;59;28
Carles Planas;76;Left;Defender;80;52;76;69;75;69;75;71;54;84;74;76;59;51
Rubén Duarte;76;Left;Defender;76;28;77;62;73;71;72;66;50;60;74;71;31;40
G. Kakuta;76;Left;Midfielder;79;71;74;79;80;83;75;86;77;81;66;65;75;51
N. Vukčević;76;Left;Midfielder;52;38;77;71;74;64;56;61;69;87;76;75;67;53
Mata;76;Right;Attacker;62;81;61;70;72;72;76;66;76;64;76;81;56;76
M. Barbosa;76;Right;Goalkeeper;12;11;38;15;17;42;43;48;25;63;41;62;40;24
Iván Alejo;76;Right;Midfielder;76;73;76;79;77;73;86;74;70;69;63;65;68;47
Andrés Fernández;76;Right;Goalkeeper;17;13;35;14;18;58;55;57;22;77;43;74;41;21
Eraso;76;Right;Midfielder;64;78;80;73;75;59;59;44;70;73;85;67;72;53
N. Sansone;76;Right;Attacker;68;77;75;79;76;82;79;83;80;66;59;65;77;74
De Tomás;76;Right;Attacker;50;79;68;69;72;66;73;72;81;78;65;80;48;75
A. Ndiaye Diedhiou;76;Right;Midfielder;65;74;72;85;77;89;89;86;74;83;73;65;67;49
Recio;76;Right;Midfielder;64;58;77;72;75;55;40;66;81;49;76;68;74;69
Marc Roca;76;Left;Midfielder;66;59;80;71;76;60;60;67;43;59;77;66;73;55
Aritz Elustondo;76;Right;Defender;72;26;73;48;75;67;71;62;39;73;74;70;32;43
Aday Benítez;76;Right;Defender;76;55;75;77;80;70;74;79;47;35;79;55;53;68
Jaume;76;Right;Goalkeeper;30;11;32;13;32;58;58;60;42;72;45;68;43;25
J. Gnagnon;76;Right;Defender;35;28;65;56;69;66;66;40;48;84;65;87;34;47
Mosquera;76;Left;Midfielder;61;58;76;65;76;64;35;68;61;68;85;67;75;51
Rodrigo Ely;76;Right;Defender;34;18;62;50;55;62;68;61;48;76;65;88;22;35
Barragán;76;Right;Defender;77;44;77;62;75;69;71;67;61;71;77;73;52;55
Toño García;76;Left;Midfielder;80;62;76;75;76;83;84;77;65;66;82;64;68;62
Raúl Navas;76;Right;Defender;49;36;73;25;73;50;40;54;72;77;50;75;46;46
M. Arambarri;76;Right;Midfielder;59;49;79;69;79;47;53;61;64;60;68;65;68;50
N. El Zhar;76;Right;Midfielder;78;74;77;81;76;76;68;83;81;62;67;60;74;72
Rubén Sobrino;76;Right;Attacker;55;78;73;81;82;79;86;78;72;62;65;62;54;66
A. Lunin;76;Right;Goalkeeper;15;8;25;11;15;33;26;36;22;56;32;61;60;19
M. Simon;76;Right;Midfielder;75;72;69;82;76;93;92;92;76;93;73;69;66;60
Paulo Oliveira;76;Right;Defender;36;25;73;60;71;66;69;53;61;85;74;80;41;45
Francis;75;Right;Midfielder;75;75;72;78;76;77;82;79;53;43;58;43;68;53
Unai Núñez;75;Right;Defender;29;16;74;35;71;66;68;44;39;72;67;78;30;31
P. De Blasis;75;Right;Midfielder;68;72;73;77;77;84;75;92;75;93;77;42;71;79
G. Maripán;75;Right;Defender;41;28;66;40;57;45;48;31;56;68;56;92;30;20
Fran Rico;75;Right;Midfielder;68;61;80;65;78;63;42;66;76;61;70;65;75;72
Alcalá;75;Right;Defender;45;30;71;50;64;31;42;35;80;62;67;91;48;39
Balenziaga;75;Left;Defender;78;41;70;67;72;73;75;68;61;78;85;71;62;44
Borja Mayoral;75;Right;Attacker;58;79;69;73;76;68;72;73;75;68;42;62;56;69
D. Bonera;75;Right;Defender;58;23;60;41;51;33;30;34;60;74;34;77;41;49
Javi López;75;Right;Defender;70;55;76;68;75;67;72;68;57;73;75;69;65;56
O. Duarte;75;Right;Defender;40;26;70;48;59;57;66;54;47;79;61;73;39;37
G. Carrillo;75;Right;Attacker;34;75;64;70;74;57;62;66;75;78;71;79;59;77
E. Cabaco;75;Right;Defender;38;36;60;48;61;67;67;65;52;83;69;78;44;32
Portillo;75;Right;Midfielder;79;73;78;77;75;67;61;76;59;57;73;58;75;49
Gálvez;75;Right;Defender;39;29;73;54;64;35;37;46;53;62;74;86;50;44
Jason;75;Right;Midfielder;69;74;74;78;76;81;79;79;75;67;73;67;73;68
S. Cristóforo;75;Right;Midfielder;52;50;76;66;70;69;54;76;71;72;74;65;70;59
Naldo;75;Right;Defender;30;29;65;49;55;43;49;42;60;76;66;69;33;43
Iraizoz;75;Right;Goalkeeper;11;12;29;11;15;32;33;28;20;47;33;83;53;13
Joel Robles;75;Right;Goalkeeper;12;11;15;15;25;46;50;43;36;64;25;69;41;15
Burgui;75;Right;Midfielder;74;69;74;78;77;74;78;72;65;56;78;62;69;59
M. Gonalons;75;Right;Midfielder;61;55;74;67;74;65;55;63;77;78;62;78;65;68
Bustinza;75;Right;Defender;76;30;72;56;71;66;68;63;44;75;77;70;50;33
Oier;75;Left;Goalkeeper;23;14;34;20;20;45;43;48;20;66;43;66;46;25
Postigo;75;Right;Defender;42;44;66;52;65;59;64;63;56;79;67;83;48;45
D. Rolán;75;Right;Attacker;73;77;74;76;74;74;78;77;74;72;68;66;74;75
Chema Rodríguez;75;Left;Defender;48;55;69;54;67;70;68;68;75;78;70;76;54;48
Sandro;75;Right;Attacker;65;77;68;75;81;74;69;82;81;70;57;66;56;69
Córdoba;75;Left;Attacker;73;70;75;81;75;85;82;86;70;68;66;65;69;71
Ximo Navarro;75;Right;Defender;70;36;74;65;72;71;76;69;64;84;88;70;59;48
Timor;75;Left;Midfielder;62;44;80;64;72;53;54;53;79;78;75;76;75;69
Martín;75;Right;Defender;77;28;76;65;75;74;74;69;43;58;77;60;49;38
Sabin Merino;75;Right;Attacker;72;77;71;80;76;69;78;61;64;62;53;66;73;69
Merino;75;Left;Midfielder;59;62;78;76;78;61;62;64;66;69;68;74;76;58
Serantes;75;Right;Goalkeeper;17;18;21;16;25;55;65;58;44;72;44;52;43;18
Borja Valle;75;Right;Attacker;75;79;71;77;76;73;74;74;79;72;72;65;60;65
M. Wakaso;75;Left;Midfielder;74;55;76;75;76;87;87;81;85;85;81;74;71;36
Borja Bastón;75;Right;Attacker;51;75;68;66;74;51;62;62;78;53;63;91;65;72
I. Amadou;75;Right;Midfielder;45;39;76;65;68;69;73;63;75;74;77;82;65;51
Unai López;75;Right;Midfielder;71;74;75;75;76;74;72;75;63;74;79;54;73;46
Mikel Rico;75;Right;Midfielder;55;61;75;62;70;54;39;68;80;79;79;76;77;60
Rochina;75;Left;Midfielder;69;72;77;80;78;74;72;69;78;67;69;73;76;69
Rubén Pérez;75;Right;Midfielder;52;43;78;62;72;54;45;63;79;73;77;71;74;50
Pedraza;75;Left;Midfielder;78;72;70;78;77;80;84;72;78;61;75;69;66;64
Zaldúa;75;Right;Defender;77;25;78;55;68;69;69;63;48;67;65;60;34;32
Rubén Pardo;75;Right;Midfielder;62;68;78;75;76;64;65;72;70;65;55;57;80;69
Carles Gil;75;Left;Midfielder;76;70;77;78;79;68;67;74;63;60;62;56;75;69
Lekue;75;Right;Defender;75;67;74;76;75;90;84;70;60;69;79;73;70;53
Sergio Álvarez;75;Right;Midfielder;54;60;73;65;72;70;69;72;80;73;90;76;73;41
Sergi Guardiola;75;Left;Attacker;43;80;72;78;79;61;61;60;76;63;47;75;57;71
Medrán;75;Right;Midfielder;70;58;81;71;77;60;63;69;78;64;62;56;77;80
M. Krohn-Dehli;74;Right;Midfielder;79;66;73;72;74;67;62;71;80;55;61;66;78;76
Zubeldia;74;Right;Midfielder;59;64;77;66;73;65;58;64;63;70;65;67;72;51
E. Velázquez;74;Right;Defender;24;51;67;53;71;63;46;33;57;81;69;77;35;37
J. Silva;74;Left;Defender;73;48;70;72;73;79;75;74;79;69;78;65;60;55
U. Račić;74;Right;Midfielder;60;60;74;66;80;54;65;54;74;66;76;77;68;72
P. Roberts;74;Left;Midfielder;66;68;73;81;78;79;76;90;65;44;60;33;76;62
G. Imbula;74;Left;Midfielder;62;51;78;81;79;70;69;72;78;69;78;72;71;29
Dani Raba;74;Left;Midfielder;73;73;72;77;75;75;72;73;73;52;69;63;72;49
Raúl Fernández;74;Right;Goalkeeper;23;13;29;16;14;36;47;40;24;65;32;79;45;24
Alberto;74;Right;Goalkeeper;25;15;29;12;30;62;63;66;37;75;40;60;31;21
Róber;74;Right;Defender;52;47;73;56;70;63;58;56;36;76;72;75;52;44
Lato;74;Left;Defender;80;51;72;71;72;82;79;71;64;52;75;57;64;39
N. Maksimović;74;Right;Midfielder;55;70;78;71;72;62;65;65;66;70;69;73;71;50
Dídac Vilà;74;Left;Defender;74;32;66;73;72;70;74;65;72;72;77;75;59;34
S. Prcić;74;Right;Midfielder;71;62;78;73;76;62;65;74;69;54;75;71;74;64
R. Rosales;74;Right;Defender;74;51;71;69;72;75;75;80;71;72;72;65;63;48
Pozo;74;Right;Midfielder;65;70;77;77;78;74;72;76;64;55;57;57;65;66
Álvaro García;74;Left;Midfielder;71;68;68;71;69;92;93;83;65;87;70;34;69;55
Melendo;74;Left;Midfielder;74;73;79;77;78;69;66;82;58;55;67;59;66;37
Ramalho;74;Right;Defender;59;40;69;48;57;67;74;65;22;82;65;75;44;41
Kévin Rodrigues;74;Left;Defender;77;42;78;53;76;74;74;72;58;62;73;61;51;50
Bigas;74;Left;Defender;68;49;72;44;66;71;72;65;62;76;76;72;35;48
Arana;74;Left;Defender;77;59;75;72;75;77;78;72;69;64;76;64;55;52
Juan Cala;74;Right;Defender;59;46;72;57;63;56;65;66;70;81;76;81;47;46
A. Nyom;74;Right;Defender;74;27;63;68;71;67;76;50;74;57;79;86;54;37
Tana;74;Right;Midfielder;68;67;77;78;74;71;65;81;65;46;69;53;76;64
A. Lozano;74;Right;Attacker;51;73;70;75;71;76;79;69;68;74;68;81;73;67
Bebé;74;Right;Midfielder;73;73;71;76;75;76;88;71;88;67;74;89;66;65
D. Brasanac;74;Right;Midfielder;58;61;76;65;74;61;54;59;79;67;72;72;73;70
Álex Moreno;74;Left;Defender;72;64;72;78;74;76;79;79;58;66;90;39;62;70
F. Valverde;74;Right;Midfielder;49;67;78;70;74;69;68;51;77;49;68;56;75;42
Juanfran_29;74;Right;Defender;73;57;72;71;79;74;79;75;79;74;89;73;63;59
De la Bella;74;Left;Defender;75;45;75;67;74;62;63;66;59;66;67;68;59;49
Luna;74;Left;Defender;80;60;75;67;74;71;72;66;78;73;77;74;69;43
L. Advíncula;74;Right;Defender;75;58;73;76;74;95;94;80;76;72;80;74;60;64
Marc Muniesa;74;Left;Defender;67;42;73;63;73;42;59;62;46;83;70;67;61;50
S. Araujo;73;Right;Attacker;59;72;63;77;80;74;74;74;69;60;64;62;65;69
Alex Bergantiños;73;Right;Midfielder;49;36;70;58;65;51;43;63;60;78;81;75;68;58
M. Iturra;73;Left;Midfielder;56;27;69;61;70;54;47;65;68;69;69;66;65;40
A. Ba;73;Right;Defender;35;22;58;35;53;49;53;34;58;75;66;80;40;68
M. Santos;73;Right;Attacker;64;73;65;71;70;77;75;71;72;76;68;70;64;70
Ferrán Torres;73;Right;Midfielder;73;72;69;79;75;77;76;65;66;60;63;61;67;62
Ignasi Miquel;73;Left;Defender;49;18;69;55;69;64;66;60;57;60;68;78;54;43
Raul García;73;Left;Defender;76;58;72;62;70;70;71;75;72;77;90;70;65;64
C. Doukouré;73;Right;Midfielder;59;58;72;65;71;76;74;72;72;78;82;80;63;58
Bóveda;73;Right;Defender;76;48;68;65;72;70;73;68;57;71;74;64;51;59
Riesgo;73;Right;Goalkeeper;25;13;32;12;15;54;55;51;23;60;41;68;43;13
Pere Milla;73;Left;Midfielder;73;75;67;78;73;78;76;78;76;54;72;62;69;62
C. Santos;73;Left;Attacker;64;78;69;67;72;64;64;73;69;76;69;69;65;80
Douglas Luiz;73;Right;Midfielder;67;64;73;70;73;65;65;74;76;64;71;62;72;44
Sergi Samper;73;Right;Midfielder;55;38;80;63;76;55;33;58;55;58;65;66;81;52
M. Mantovani;73;Right;Defender;47;37;70;55;63;36;33;48;59;66;53;80;33;42
A. Ramos;73;Right;Attacker;68;71;65;68;69;73;80;74;70;91;72;73;65;72
Hervías;73;Right;Midfielder;67;65;69;77;73;79;78;84;69;67;84;38;63;51
S. Cáseres;73;Left;Midfielder;57;54;75;65;75;67;70;69;56;73;77;71;68;50
Vesga;72;Left;Midfielder;56;56;74;64;74;49;52;53;77;50;75;79;74;57
Rober Ibáñez;72;Right;Midfielder;68;71;72;72;74;76;75;77;68;57;60;52;70;63
D. Siovas;72;Left;Defender;33;38;70;62;69;40;37;41;66;77;81;87;49;40
K. Omeruo;72;Right;Defender;47;22;63;53;60;67;75;65;54;88;74;82;34;35
Jon Bautista;72;Right;Attacker;47;78;69;70;72;61;58;62;75;67;56;52;52;70
N. Aguirre;72;Left;Midfielder;68;67;73;74;74;73;68;71;82;45;77;77;69;71
Aitor;72;Right;Goalkeeper;30;12;21;22;14;58;53;70;32;82;42;48;45;24
L. Cabrera;72;Left;Defender;60;23;69;52;62;61;64;66;42;91;76;82;45;49
Pedro Sánchez;72;Right;Midfielder;69;70;68;73;72;79;81;84;75;74;79;67;67;70
Carlos Fernández;72;Left;Attacker;40;76;65;73;71;54;66;63;72;74;69;72;60;70
David García;72;Right;Defender;70;50;69;49;68;55;45;56;49;72;68;76;39;51
Y. En-Nesyri;72;Left;Attacker;48;73;63;74;72;75;77;68;70;74;64;64;49;59
Adrián Marín;72;Left;Defender;72;40;73;69;73;68;72;69;60;71;62;72;53;38
Aleñá;72;Left;Midfielder;66;66;72;76;75;78;76;75;66;52;66;63;74;73
Quique;72;Left;Attacker;69;72;66;68;65;75;74;80;69;76;67;73;62;71
Dani Giménez;72;Right;Goalkeeper;11;14;27;14;12;34;32;40;16;54;30;52;50;25
Unai Simón;72;Right;Goalkeeper;16;14;29;12;16;46;48;32;17;58;45;73;31;24
Tito;72;Right;Defender;77;43;70;65;69;68;69;71;59;78;69;63;58;44
Vigaray;72;Right;Defender;70;53;65;71;67;74;69;72;46;65;73;67;49;45
David Simón;72;Right;Defender;70;42;76;68;70;72;78;64;57;70;85;61;43;38
Elustondo;72;Right;Midfielder;60;59;76;69;70;49;61;69;75;84;74;77;67;67
Sivera;71;Right;Goalkeeper;22;15;32;14;27;59;55;60;33;65;45;58;41;24
Jordi Calavera;71;Right;Defender;70;46;65;66;71;77;85;78;72;72;85;72;47;51
Luca Sangalli;71;Right;Midfielder;63;65;71;74;72;73;72;58;51;61;71;50;65;40
Vadillo;71;Right;Midfielder;68;66;69;80;79;91;93;90;61;73;36;41;56;59
Pedro López;71;Right;Defender;76;53;71;68;71;68;68;69;72;66;62;63;59;58
Borja Lasso;71;Right;Midfielder;72;69;71;74;72;54;51;67;74;31;59;64;72;59
Víctor Díaz;71;Right;Defender;71;58;69;64;69;65;72;58;65;91;89;74;64;42
Maikel Mesa;71;Right;Midfielder;58;70;71;71;72;69;71;71;70;66;71;73;71;56
G. Peñalba;71;Right;Midfielder;67;64;72;69;71;50;51;52;66;50;61;90;74;74
E. Muñoz;71;Right;Defender;30;19;60;38;54;43;44;41;57;79;67;78;29;21
Domingos Duarte;71;Right;Defender;34;30;65;48;55;56;37;44;50;49;73;78;30;45
Cucurella;71;Left;Midfielder;74;51;72;71;74;82;85;74;57;71;88;60;71;47
Dani Castellano;71;Left;Defender;71;46;72;72;69;72;73;71;62;71;68;75;59;48
Javi Castellano;71;Right;Midfielder;49;34;76;46;66;57;40;62;52;50;67;72;65;44
S. Dimitrievski;71;Right;Goalkeeper;11;20;23;18;19;35;38;44;20;60;40;72;51;21
Álex Martínez;71;Left;Defender;79;44;70;67;71;73;77;77;79;73;89;58;53;55
Gumbau;71;Left;Midfielder;48;60;81;64;77;34;29;57;72;37;53;72;67;50
Samu García;71;Right;Midfielder;74;66;71;71;73;69;73;67;72;54;60;67;72;63
D. Foulquier;71;Right;Midfielder;69;50;67;78;69;70;78;64;59;70;65;76;55;49
Manu Morlanes;71;Right;Midfielder;64;56;78;72;75;74;64;75;62;59;68;59;72;68
Alex Alegría;71;Right;Attacker;48;70;65;71;77;48;54;65;72;69;64;78;48;63
Dorado;71;Left;Defender;41;44;72;40;51;34;34;43;40;68;33;71;59;31
Nauzet;71;Right;Goalkeeper;14;17;21;16;22;46;35;30;12;53;35;80;15;21
Álvaro Lemos;71;Right;Defender;70;57;67;68;68;81;77;74;59;74;80;66;63;59
Deivid;71;Right;Defender;46;28;70;64;67;57;64;64;60;61;61;77;59;49
S. Dubarbier;71;Left;Defender;69;57;61;72;67;78;77;70;69;82;78;77;64;59
Fidel;71;Left;Midfielder;68;67;65;74;73;76;76;79;72;72;61;58;67;72
Santi Comesaña;70;Right;Midfielder;49;74;74;63;73;58;57;55;65;58;55;73;70;39
C. Ganea;70;Left;Defender;65;52;62;62;65;77;78;79;84;58;82;61;41;38
Gerard Valentín;70;Right;Defender;73;32;68;75;78;91;92;90;41;70;72;62;57;36
R. Dwamena;70;Left;Attacker;56;72;65;70;66;76;83;70;73;62;72;82;64;66
Fede Vico;70;Left;Midfielder;68;63;69;74;70;82;73;84;61;71;64;45;73;51
Montoro;70;Right;Midfielder;50;54;73;64;73;48;37;65;72;63;74;76;72;62
D. Blum;70;Left;Attacker;68;67;61;76;73;82;83;75;77;56;57;73;50;44
Saúl_23;70;Left;Defender;74;29;72;57;72;71;68;60;66;61;53;66;53;43
Pablo Marí;70;Left;Defender;32;38;66;41;61;54;50;51;53;64;66;85;37;31
Kangin Lee;70;Left;Midfielder;63;65;65;78;75;69;67;85;65;46;54;49;70;70
D. Moreno;70;Right;Midfielder;47;30;69;57;66;71;69;68;55;38;90;79;62;37
Javi Guerra;70;Right;Attacker;51;71;63;66;69;54;58;65;76;79;33;72;58;80
M. Dos Santos;70;Right;Defender;52;37;66;39;64;54;59;63;52;79;67;78;41;46
Ruiz de Galarreta;70;Right;Midfielder;53;56;75;66;72;62;65;75;62;48;70;58;73;47
Marc Cardona;70;Right;Attacker;57;71;62;70;70;78;78;70;72;64;59;63;58;56
José Arnáiz;70;Right;Midfielder;63;66;65;69;68;86;84;87;82;49;69;62;63;67
Momo;70;Left;Midfielder;78;58;74;74;74;63;53;69;66;49;55;67;74;79
Fede;70;Right;Midfielder;55;47;69;59;65;68;71;67;63;69;90;70;58;59
Alberto Martín;70;Right;Midfielder;52;52;74;62;74;52;48;62;58;73;83;69;62;58
Rafa Mir;70;Right;Attacker;64;71;61;65;69;69;75;63;72;75;67;73;59;74
Aleix García;70;Right;Midfielder;58;63;78;72;75;66;60;71;62;56;59;47;71;54
Edu Expósito;70;Right;Midfielder;56;72;72;74;72;65;52;63;68;46;54;48;66;42
Rodri_28;70;Right;Attacker;56;68;54;66;76;81;78;92;78;91;62;72;60;60
Germán;69;Right;Defender;42;40;70;51;65;54;60;47;65;71;89;82;56;38
M. Wagué;69;Right;Defender;69;36;62;71;68;84;79;79;56;84;67;50;55;39
Pedro Porro;69;Right;Defender;73;61;68;72;75;75;77;76;68;62;66;50;54;46
Riqui Puig;69;Right;Midfielder;60;58;78;70;73;63;66;77;60;56;53;43;77;55
Puado;69;Right;Attacker;36;73;69;75;73;65;64;62;60;67;63;63;52;57
A. Sadiku;69;Right;Attacker;39;68;63;67;72;66;72;60;73;65;53;77;46;63
Adrián Ortolá;69;Left;Goalkeeper;19;14;21;18;23;49;52;54;23;72;43;54;38;29
Rui Silva;69;Right;Goalkeeper;13;20;25;18;24;31;30;34;19;48;27;65;50;30
Adrián Diéguez;69;Left;Defender;59;23;60;44;59;62;62;57;45;75;62;68;32;41
Diego Caballo;69;Left;Defender;78;60;72;65;62;70;72;60;65;63;70;56;58;39
Villalibre;68;Left;Attacker;34;66;55;67;64;72;73;72;78;76;62;86;52;70
A. Bangoura;68;Right;Midfielder;65;62;63;71;69;87;87;89;75;72;60;60;63;50
M. Somma;68;Right;Defender;53;24;58;57;57;68;63;59;51;76;68;72;50;20
Koke Vegas;68;Right;Goalkeeper;13;12;12;11;10;52;52;60;21;62;34;55;42;11
Merquelanz;68;Left;Attacker;65;65;68;72;71;69;69;68;54;52;55;59;65;44
Reguilón;68;Left;Defender;66;22;62;63;67;74;72;52;54;60;72;45;54;42
Soriano;68;Left;Goalkeeper;13;14;23;20;23;34;34;40;31;63;35;55;38;28
Pejiño;68;Left;Midfielder;70;61;65;73;70;76;69;71;59;49;62;49;62;48
David Concha;68;Left;Midfielder;67;66;62;77;69;67;65;63;53;40;55;44;67;72
Gorosabel;68;Right;Defender;61;38;68;53;66;63;68;64;46;58;64;56;35;38
T. Pekhart;68;Right;Attacker;36;68;60;56;64;51;53;38;74;62;62;84;56;61
Óscar;68;Right;Midfielder;56;69;71;75;74;68;66;67;59;59;47;50;65;53
José Suárez;67;Right;Goalkeeper;20;19;23;13;25;48;46;49;21;53;42;65;32;29
R. Le Normand;67;Right;Defender;25;19;64;22;56;54;52;42;40;72;54;73;31;34
Guruzeta;67;Right;Attacker;57;72;68;67;68;70;67;71;67;68;54;56;64;71
Quini;67;Right;Defender;69;62;68;69;70;73;80;77;49;58;71;62;42;58
Cristian Rivero;67;Right;Goalkeeper;14;7;22;8;17;20;29;38;16;65;20;54;32;18
Dani Ojeda;67;Right;Midfielder;62;69;64;66;68;71;68;61;61;63;71;62;64;72
Lluis López;67;Left;Defender;46;24;62;47;64;64;58;64;46;73;51;56;31;33
Curro Sánchez;67;Left;Midfielder;65;60;68;67;69;72;67;75;48;45;64;43;70;56
Akieme;67;Left;Defender;64;26;62;63;65;76;73;72;49;75;70;60;40;40
Puertas;67;Right;Midfielder;66;66;62;70;65;70;73;70;71;73;80;65;60;65
H. Sacko;67;Right;Midfielder;58;63;59;72;66;90;91;82;71;63;62;75;54;60
Nolaskoain;67;Right;Defender;47;63;73;64;70;66;59;70;57;73;68;70;65;49
Zubiaurre;67;Left;Goalkeeper;12;11;16;14;16;31;28;33;21;49;22;58;52;10
Paik Seung Ho;67;Right;Midfielder;52;61;71;71;72;67;68;63;66;60;61;58;67;48
Alex López;67;Right;Midfielder;47;54;74;65;69;59;69;62;45;52;61;60;64;45
Oriol Busquets;67;Right;Midfielder;56;36;70;63;67;58;57;56;56;54;74;69;66;42
Pipa;67;Right;Defender;65;39;65;61;63;63;69;61;52;60;69;64;49;31
Abel Ruiz;67;Right;Attacker;36;69;65;65;63;69;70;67;64;60;68;74;55;64
Iñigo Muñoz;67;Right;Attacker;65;52;62;74;72;90;88;90;61;61;55;40;57;55
Rubén Yáñez;67;Right;Goalkeeper;15;13;27;16;14;44;43;51;25;61;38;68;30;25
Sancet;67;Right;Midfielder;45;63;69;72;74;74;65;75;58;53;60;52;63;66
Bicho;67;Left;Midfielder;47;64;69;68;72;59;57;71;45;59;53;47;67;65
Rodri Tarín;67;Right;Defender;47;24;62;53;66;69;71;62;59;69;63;75;42;40
Javi Sánchez;67;Right;Defender;32;28;63;34;61;55;64;41;38;72;68;68;35;38
Miranda;66;Left;Defender;59;33;63;62;65;65;69;59;49;65;69;53;48;44
Carlos Blanco;66;Right;Defender;26;13;63;47;60;41;39;45;70;75;54;73;54;38
Miguelón;66;Right;Defender;66;25;63;55;64;71;66;66;26;75;70;54;42;35
P. Sisniega;66;Right;Goalkeeper;20;11;33;24;35;41;48;45;52;60;39;61;31;23
Ander Guevara;66;Right;Midfielder;60;61;70;66;69;60;56;68;47;62;53;53;70;51
Iñigo Vicente;66;Right;Midfielder;52;62;71;65;68;72;69;73;53;59;62;34;67;56
Cristo González;66;Right;Attacker;54;70;64;69;68;73;70;70;65;65;63;49;67;54
W. Kaptoum;66;Right;Midfielder;56;60;75;63;75;64;56;81;73;67;59;61;62;50
Joni Montiel;66;Left;Midfielder;39;61;68;65;69;65;61;60;40;46;46;37;63;47
Arturo Molina;66;Right;Midfielder;63;60;70;71;71;72;66;54;70;52;55;61;62;61
Alex Pozo;66;Right;Midfielder;65;65;67;67;70;75;72;82;62;64;62;43;59;58
Berrocal;66;Right;Defender;31;24;62;39;56;63;62;63;54;73;66;65;41;49
José Lara;66;Left;Midfielder;66;62;66;68;70;72;74;66;62;46;51;42;65;61
Óscar Pinchi;66;Right;Midfielder;67;66;65;69;70;69;69;73;65;55;48;51;59;47
Álex Cobo;66;Right;Goalkeeper;21;10;30;14;18;45;44;61;25;60;37;65;35;24
Víctor;66;Right;Midfielder;65;66;66;68;66;72;75;61;64;60;70;60;54;62
Avilés;65;Right;Midfielder;64;61;65;68;70;68;70;52;52;48;54;55;60;51
Edu Espiau;65;Right;Attacker;42;65;59;62;61;62;63;56;62;70;60;62;53;59
Guridi;65;Left;Midfielder;44;63;72;67;65;54;62;62;51;43;37;32;62;43
Fabio González;65;Right;Midfielder;45;57;70;59;64;65;60;63;56;70;61;61;59;48
F. Feuillassier;65;Right;Attacker;64;72;62;70;65;68;68;67;72;47;62;61;56;50
Fidalgo;65;Right;Midfielder;61;49;69;68;70;65;63;68;54;51;64;49;70;49
P. Twumasi;65;Right;Attacker;55;68;55;71;64;80;79;77;65;58;63;41;58;52
Damià;65;Right;Midfielder;45;54;67;59;68;70;61;58;49;65;72;49;73;70
Chumi;65;Right;Defender;38;30;62;50;60;57;61;49;47;74;62;67;41;50
S. Chukwueze;65;Left;Attacker;61;62;60;73;69;86;83;80;75;68;60;46;54;49
Jorge Cuenca;65;Left;Defender;40;27;65;29;55;57;61;59;55;69;66;60;45;44
Adri Castellano;65;Left;Defender;65;29;64;66;62;55;66;56;49;60;67;54;39;44
Markel Areitio;65;Right;Goalkeeper;18;18;15;16;11;44;43;50;11;62;34;55;50;16
Diego Parras;65;Right;Defender;60;21;64;56;62;75;72;51;28;61;68;59;35;36
Javi Jiménez;65;Right;Defender;41;25;63;32;52;53;51;60;41;66;51;48;45;46
Fran Manzanara;65;Right;Midfielder;46;49;71;62;71;66;64;65;56;71;65;45;50;39
K. Soni;64;Left;Midfielder;55;57;63;74;72;75;72;71;54;66;44;64;58;53
E. Lomotey;64;Right;Midfielder;45;38;63;51;58;61;55;58;60;62;69;75;42;48
Martínez;64;Left;Defender;33;35;56;43;51;59;53;49;44;71;66;76;40;47
Pablo Vázquez;64;Right;Defender;36;22;53;31;46;48;45;34;50;70;57;67;38;42
Julen López;64;Left;Defender;20;15;53;30;55;44;57;37;35;71;66;68;34;31
Sergio López;64;Right;Defender;63;52;61;64;63;78;79;69;63;61;61;51;46;43
Álex Centelles;64;Left;Defender;71;45;68;66;71;60;70;63;58;64;64;65;54;48
Guillem Jaime;64;Right;Attacker;63;54;62;71;68;69;68;68;64;52;62;51;59;49
José González;64;Right;Midfielder;57;45;79;59;58;64;61;60;64;57;56;58;51;52
Fran García;64;Left;Defender;65;42;57;62;65;79;79;68;47;60;66;44;54;39
Xesc Regis;64;Right;Attacker;60;66;58;63;61;67;63;54;63;63;47;66;46;59
Jean Carlos;64;Right;Midfielder;64;58;62;69;68;65;67;67;55;37;32;62;65;49
Pascu;64;Right;Midfielder;49;53;72;62;67;63;66;61;64;60;54;48;64;49
Edu Frias;64;Right;Goalkeeper;14;5;24;9;13;30;20;30;19;64;22;55;38;11
Roberto López;64;Left;Midfielder;63;59;67;69;68;57;61;63;54;47;45;34;66;46
Jauregi;64;Right;Attacker;32;65;61;62;60;61;58;58;63;63;49;69;43;65
José Mena;64;Right;Midfielder;48;52;65;54;72;64;59;51;57;56;51;54;66;53
Genís;64;Right;Defender;68;31;70;54;65;63;58;60;48;52;60;57;53;30
Borja Garcés;64;Right;Attacker;37;65;55;60;61;68;67;66;72;61;55;51;49;63
Montero;64;Left;Defender;42;27;60;44;60;58;63;52;37;69;63;57;31;40
Manu Hernando;64;Right;Defender;44;32;62;56;64;61;63;61;47;59;66;62;37;42
Jesús Areso;64;Right;Defender;60;25;69;67;68;73;69;72;40;61;60;59;63;36
Dani Cárdenas;63;Right;Goalkeeper;10;5;23;13;16;39;33;55;22;67;26;52;34;17
Álex Domínguez;63;Right;Goalkeeper;24;7;47;15;35;39;47;56;36;51;36;41;38;13
Ricardo Campos;63;Right;Midfielder;63;56;64;64;66;72;75;73;54;49;54;60;55;47
Joaquín_19;63;Left;Midfielder;61;58;56;64;62;72;75;53;55;51;63;49;60;48
Carlos Doncel;63;Left;Midfielder;61;56;60;70;62;66;70;63;58;42;65;52;55;70
Josemi;63;Right;Midfielder;41;49;70;62;70;60;66;59;65;52;41;40;64;54
Jaime Sierra;63;Right;Midfielder;44;54;74;63;59;54;59;59;48;50;40;48;69;48
Tachi;63;Right;Defender;33;26;58;40;57;60;65;35;41;67;55;59;31;30
Ezkieta;63;Right;Goalkeeper;16;12;28;17;19;41;49;36;26;57;41;64;30;24
Dani Gómez;63;Right;Attacker;32;67;54;60;66;66;65;70;59;62;51;70;42;57
Fornos;63;Left;Defender;32;15;58;22;58;48;68;41;35;73;51;65;25;46
Carlos Isaac;63;Right;Defender;57;26;56;55;59;64;69;46;26;49;69;65;37;34
Sito;63;Left;Midfielder;66;59;59;70;71;58;55;64;65;34;45;43;61;58
Juan Delgado;63;Right;Attacker;46;68;59;61;63;66;60;66;71;67;50;54;55;62
Joan Monterde;63;Right;Midfielder;54;63;63;67;66;73;70;66;66;51;52;45;60;47
Uxío;63;Right;Attacker;39;65;54;63;59;59;60;57;63;63;65;59;55;76
Toni Moya;63;Right;Midfielder;44;58;66;64;67;66;65;64;52;65;51;53;67;51
Mario González;63;Right;Attacker;62;62;61;66;64;68;70;67;52;62;50;50;57;39
Isi;63;Right;Midfielder;56;48;67;62;65;65;43;75;47;71;67;43;67;49
L. García;63;Right;Goalkeeper;30;16;30;18;32;51;55;70;42;70;45;51;30;20
David Alba;63;Right;Defender;25;16;62;26;57;53;55;39;36;75;49;62;26;32
Quique Cebriá;62;Right;Goalkeeper;11;7;24;9;18;21;29;36;18;62;19;46;35;19
Emilio Bernad;62;Right;Goalkeeper;12;8;25;10;11;42;40;52;15;72;25;53;30;15
M. Hongla;62;Right;Defender;46;29;61;32;60;60;61;70;59;74;65;67;58;45
Rubén Mesa;62;Right;Attacker;35;65;57;59;57;62;52;53;63;71;63;60;49;73
A. Solano;62;Right;Defender;61;28;57;60;62;67;66;64;49;62;63;52;46;40
Sillero;62;Right;Defender;56;39;57;49;51;72;71;65;56;66;65;61;48;44
Hugo Duro;62;Left;Attacker;31;72;52;50;58;58;61;48;61;68;51;64;46;56
Kike;62;Right;Defender;29;21;40;33;52;67;54;44;42;76;53;69;37;46
Josep Martínez;62;Right;Goalkeeper;12;6;25;8;11;24;30;32;15;37;42;58;52;18
Perera;62;Left;Midfielder;59;27;72;49;60;65;63;54;55;72;69;68;42;35
A. Dávila;62;Left;Attacker;32;73;54;57;59;52;46;55;58;69;44;53;40;56
Quinti;62;Left;Defender;56;30;63;43;54;68;69;61;33;63;58;56;53;48
L. Zidane;62;Right;Goalkeeper;12;8;22;10;14;33;32;36;15;63;38;50;45;19
Álex Blanco;62;Left;Midfielder;62;52;65;63;66;69;67;65;66;49;54;48;60;54
Fran Serrano;62;Right;Defender;31;27;42;35;45;50;36;32;48;81;64;76;29;48
Aarón;62;Right;Goalkeeper;20;15;27;19;22;41;34;32;40;58;45;53;28;21
Alberto Redondo;62;Right;Defender;58;31;56;50;60;64;53;48;24;57;61;50;32;36
Miguel Ángel;62;Right;Defender;22;26;50;23;52;52;56;38;39;68;53;75;27;34
Meseguer;61;Left;Defender;53;32;49;45;51;67;62;59;42;63;63;55;27;45
A. Lupu;61;Right;Attacker;30;65;53;55;55;69;68;54;60;65;70;59;41;55
Eliseo Falcón;61;Right;Defender;33;22;55;44;39;48;51;39;41;72;57;65;34;46
Guillamón;61;Right;Defender;42;26;57;45;58;52;62;51;41;75;48;60;38;34
Yeremi Valerón;61;Left;Defender;54;27;55;62;51;67;67;46;20;57;66;63;33;37
J. Victoria;61;Right;Attacker;55;64;50;59;58;67;71;62;69;67;44;59;48;57
Angel Sánchez;61;Right;Midfielder;58;60;57;57;59;70;61;59;59;62;49;61;63;70
Adrià Pedrosa;61;Left;Defender;62;43;60;60;63;66;64;69;50;61;62;51;48;38
Álex Dos Santos;61;Right;Goalkeeper;13;12;16;11;10;22;21;23;13;58;45;52;33;15
Ángel López;61;Left;Midfielder;63;62;64;65;61;62;66;44;53;40;52;53;52;48
Iñaki Peña;61;Right;Goalkeeper;10;6;26;12;18;33;28;42;24;63;27;54;39;17
Álex Mozo;61;Right;Midfielder;52;55;65;65;69;68;60;67;50;41;60;32;50;66
Robert;61;Left;Attacker;68;60;71;70;50;65;70;71;58;43;51;53;61;70
Iván;61;Left;Midfielder;71;55;61;62;51;65;70;63;55;49;69;65;53;53
Darío Poveda;61;Right;Attacker;45;65;57;61;60;61;57;58;57;65;55;45;57;55
Roger Riera;61;Right;Defender;36;27;48;46;54;40;54;58;50;70;40;71;42;43
Rubén Sánchez;61;Left;Attacker;42;67;49;48;55;58;50;57;62;70;54;62;44;70
Genaro;61;Right;Midfielder;52;35;69;59;60;67;67;60;69;65;60;58;55;54
Manu Navarro;60;Right;Midfielder;38;51;65;50;56;56;54;53;43;63;55;58;63;45
Sergio Tienza;60;Right;Goalkeeper;13;6;27;10;14;31;30;37;20;64;40;50;33;11
Kike PIna;60;Left;Defender;52;27;35;55;60;68;67;55;26;58;69;56;36;40
Lombo;60;Right;Goalkeeper;12;9;15;11;17;14;23;35;18;60;20;45;52;16
Algobia;60;Right;Midfielder;50;49;64;61;63;50;47;53;59;62;47;47;59;47
Leja;60;Right;Goalkeeper;14;7;20;14;10;29;15;30;23;63;42;41;46;17
Sergio Moreno;60;Right;Attacker;25;63;55;58;59;53;55;57;57;63;56;55;42;59
Daniel Rebollo;60;Right;Goalkeeper;12;10;25;12;13;22;31;38;17;54;40;45;50;13
Cristian Rodríguez;60;Right;Midfielder;54;38;66;59;63;59;58;65;57;62;57;62;63;52
P. Mbodji;60;Right;Midfielder;38;54;64;58;60;53;56;52;48;55;56;57;57;36
Sergi Álamo;60;Left;Defender;60;35;53;62;59;58;60;66;30;48;64;65;45;43
Oleaga;59;Right;Goalkeeper;14;9;34;9;25;32;21;31;31;36;22;74;33;12
Raúl Sánchez;59;Left;Midfielder;58;56;62;62;66;62;67;55;65;43;43;59;51;69
Obama;59;Right;Attacker;52;64;55;62;58;66;59;62;60;56;51;51;46;65
Mollejo;59;Left;Attacker;52;54;55;62;58;74;72;72;58;49;48;43;54;53
Valery;58;Right;Midfielder;54;53;56;62;59;69;67;60;51;44;47;45;53;52
Martín_18;58;Right;Defender;25;19;54;24;55;54;63;45;39;72;60;55;33;34
Javi Rubio;58;Left;Midfielder;60;56;59;55;57;69;60;59;50;40;53;55;57;53
Altamirano;57;Right;Attacker;53;54;54;58;57;67;66;55;62;44;34;48;56;49
N. Djouahra;57;Right;Midfielder;46;53;54;59;59;67;66;69;56;50;47;42;53;47
Y. Andzouana;57;Right;Midfielder;60;59;53;60;62;67;61;47;66;33;32;35;51;61
Morro;57;Left;Goalkeeper;10;10;28;11;13;28;18;31;17;36;29;55;26;13
Pol Lozano;57;Right;Midfielder;43;37;65;55;63;56;64;61;45;60;52;48;64;49
Marc Vito;56;Right;Goalkeeper;13;7;23;7;17;25;28;34;22;40;22;33;34;18
Montes;55;Right;Defender;45;27;50;49;48;67;64;59;39;58;62;53;43;38
Víctor Gómez;55;Left;Defender;51;23;55;50;47;61;63;56;42;63;64;57;39;37
